{
"lengthUnit": "mil",
"components": {
	"fields": ["COMPONENT_NO", "COMPONENT_NAME", "LAYER", "X_COORDINATE", "Y_COORDINATE", "ANGLE"],
	"rows": [
		[1, "J1", "T", 6820, 285, 180],
		[2, "R1", "T", 15785, 460, 0],
		[3, "R2", "T", 15785, 280, 0],
		[4, "R3", "T", 15785, 100, 0],
		[5, "R4", "T", 12860, 505, 180],
		[6, "R5", "T", 12860, 300, 180],
		[7, "R6", "T", 12860, 60, 180],
		[8, "R7", "T", 8875, 460, 180],
		[9, "R8", "T", 8875, 280, 180],
		[10, "R9", "T", 8875, 100, 180],
		[11, "R10", "T", 4895, 460, 180],
		[12, "R11", "T", 4895, 280, 180],
		[13, "R12", "T", 4895, 100, 180],
		[14, "R13", "T", 895, 455, 180],
		[15, "R14", "T", 895, 280, 180],
		[16, "R15", "T", 895, 100, 180],
		[17, "U1", "B", 16320, 280, 180],
		[18, "U2", "B", 12320, 280, 180],
		[19, "U3", "B", 8320, 280, 180],
		[20, "U4", "B", 4320, 280, 180],
		[21, "U5", "B", 320, 280, 180]
	]
},
"pins": {
	"fields": ["PIN_NO", "PIN_NAME", "PIN_X", "PIN_Y", "LAYER", "PIN_TYPE", "NET_NAME", "NET_TYPE", "PAD_SHAPE", "PAD_SIZEX", "PAD_SIZEY", "HOLE_SIZE", "PAD_ANGLE"],
	"rows": [
		[1, "J1_1", 7170, 335, "T", "DIP", "$1N2672", "", "R", 70.87, 70.87, 47.24, 180],
		[2, "J1_1", 7170, 335, "B", "DIP", "$1N2672", "", "R", 70.87, 70.87, 47.24, 180],
		[3, "J1_2", 7170, 235, "T", "DIP", "$1N2618", "", "C", 70.87, 70.87, 47.24, 180],
		[4, "J1_2", 7170, 235, "B", "DIP", "$1N2618", "", "C", 70.87, 70.87, 47.24, 180],
		[5, "J1_3", 7070, 335, "T", "DIP", "$1N2681", "", "C", 70.87, 70.87, 47.24, 180],
		[6, "J1_3", 7070, 335, "B", "DIP", "$1N2681", "", "C", 70.87, 70.87, 47.24, 180],
		[7, "J1_4", 7070, 235, "T", "DIP", "$1N2624", "", "C", 70.87, 70.87, 47.24, 180],
		[8, "J1_4", 7070, 235, "B", "DIP", "$1N2624", "", "C", 70.87, 70.87, 47.24, 180],
		[9, "J1_5", 6970, 335, "T", "DIP", "$1N2688", "", "C", 70.87, 70.87, 47.24, 180],
		[10, "J1_5", 6970, 335, "B", "DIP", "$1N2688", "", "C", 70.87, 70.87, 47.24, 180],
		[11, "J1_6", 6970, 235, "T", "DIP", "$1N2631", "", "C", 70.87, 70.87, 47.24, 180],
		[12, "J1_6", 6970, 235, "B", "DIP", "$1N2631", "", "C", 70.87, 70.87, 47.24, 180],
		[13, "J1_7", 6870, 335, "T", "DIP", "$1N2695", "", "C", 70.87, 70.87, 47.24, 180],
		[14, "J1_7", 6870, 335, "B", "DIP", "$1N2695", "", "C", 70.87, 70.87, 47.24, 180],
		[15, "J1_8", 6870, 235, "T", "DIP", "$1N3303", "", "C", 70.87, 70.87, 47.24, 180],
		[16, "J1_8", 6870, 235, "B", "DIP", "$1N3303", "", "C", 70.87, 70.87, 47.24, 180],
		[17, "J1_9", 6770, 335, "T", "DIP", "$1N2713", "", "C", 70.87, 70.87, 47.24, 180],
		[18, "J1_9", 6770, 335, "B", "DIP", "$1N2713", "", "C", 70.87, 70.87, 47.24, 180],
		[19, "J1_10", 6770, 235, "T", "DIP", "$1N3309", "", "C", 70.87, 70.87, 47.24, 180],
		[20, "J1_10", 6770, 235, "B", "DIP", "$1N3309", "", "C", 70.87, 70.87, 47.24, 180],
		[21, "J1_11", 6670, 335, "T", "DIP", "$1N2719", "", "C", 70.87, 70.87, 47.24, 180],
		[22, "J1_11", 6670, 335, "B", "DIP", "$1N2719", "", "C", 70.87, 70.87, 47.24, 180],
		[23, "J1_12", 6670, 235, "T", "DIP", "$1N2638", "", "C", 70.87, 70.87, 47.24, 180],
		[24, "J1_12", 6670, 235, "B", "DIP", "$1N2638", "", "C", 70.87, 70.87, 47.24, 180],
		[25, "J1_13", 6570, 335, "T", "DIP", "$1N2726", "", "C", 70.87, 70.87, 47.24, 180],
		[26, "J1_13", 6570, 335, "B", "DIP", "$1N2726", "", "C", 70.87, 70.87, 47.24, 180],
		[27, "J1_14", 6570, 235, "T", "DIP", "$1N2658", "", "C", 70.87, 70.87, 47.24, 180],
		[28, "J1_14", 6570, 235, "B", "DIP", "$1N2658", "", "C", 70.87, 70.87, 47.24, 180],
		[29, "J1_15", 6470, 335, "T", "DIP", "VCC", "", "C", 70.87, 70.87, 47.24, 180],
		[30, "J1_15", 6470, 335, "B", "DIP", "VCC", "", "C", 70.87, 70.87, 47.24, 180],
		[31, "J1_16", 6470, 235, "T", "DIP", "$1N2665", "", "C", 70.87, 70.87, 47.24, 180],
		[32, "J1_16", 6470, 235, "B", "DIP", "$1N2665", "", "C", 70.87, 70.87, 47.24, 180],
		[33, "R1_1", 15664.28, 460, "T", "SMD", "$1N2631", "", "R", 50.49, 136.06, 0, 0],
		[34, "R1_2", 15905.72, 460, "T", "SMD", "$1N971", "", "R", 50.49, 136.06, 0, 0],
		[35, "R2_1", 15664.28, 280, "T", "SMD", "$1N2624", "", "R", 50.49, 136.06, 0, 0],
		[36, "R2_2", 15905.72, 280, "T", "SMD", "$1N997", "", "R", 50.49, 136.06, 0, 0],
		[37, "R3_1", 15664.28, 100, "T", "SMD", "$1N2618", "", "R", 50.49, 136.06, 0, 0],
		[38, "R3_2", 15905.72, 100, "T", "SMD", "$1N1023", "", "R", 50.49, 136.06, 0, 0],
		[39, "R4_1", 12980.72, 505, "T", "SMD", "$1N2638", "", "R", 50.49, 136.06, 0, 180],
		[40, "R4_2", 12739.28, 505, "T", "SMD", "$1N1049", "", "R", 50.49, 136.06, 0, 180],
		[41, "R5_1", 12980.72, 300, "T", "SMD", "$1N3309", "", "R", 50.49, 136.06, 0, 180],
		[42, "R5_2", 12739.28, 300, "T", "SMD", "$1N1075", "", "R", 50.49, 136.06, 0, 180],
		[43, "R6_1", 12980.72, 60, "T", "SMD", "$1N3303", "", "R", 50.49, 136.06, 0, 180],
		[44, "R6_2", 12739.28, 60, "T", "SMD", "$1N1101", "", "R", 50.49, 136.06, 0, 180],
		[45, "R7_1", 8995.72, 460, "T", "SMD", "$1N2672", "", "R", 50.49, 136.06, 0, 180],
		[46, "R7_2", 8754.28, 460, "T", "SMD", "$1N1359", "", "R", 50.49, 136.06, 0, 180],
		[47, "R8_1", 8995.72, 280, "T", "SMD", "$1N2665", "", "R", 50.49, 136.06, 0, 180],
		[48, "R8_2", 8754.28, 280, "T", "SMD", "$1N1151", "", "R", 50.49, 136.06, 0, 180],
		[49, "R9_1", 8995.72, 100, "T", "SMD", "$1N2658", "", "R", 50.49, 136.06, 0, 180],
		[50, "R9_2", 8754.28, 100, "T", "SMD", "$1N1177", "", "R", 50.49, 136.06, 0, 180],
		[51, "R10_1", 5015.72, 460, "T", "SMD", "$1N2695", "", "R", 50.49, 136.06, 0, 180],
		[52, "R10_2", 4774.28, 460, "T", "SMD", "$1N1203", "", "R", 50.49, 136.06, 0, 180],
		[53, "R11_1", 5015.72, 280, "T", "SMD", "$1N2688", "", "R", 50.49, 136.06, 0, 180],
		[54, "R11_2", 4774.28, 280, "T", "SMD", "$1N1229", "", "R", 50.49, 136.06, 0, 180],
		[55, "R12_1", 5015.72, 100, "T", "SMD", "$1N2681", "", "R", 50.49, 136.06, 0, 180],
		[56, "R12_2", 4774.28, 100, "T", "SMD", "$1N1255", "", "R", 50.49, 136.06, 0, 180],
		[57, "R13_1", 1015.72, 455, "T", "SMD", "$1N2726", "", "R", 50.49, 136.06, 0, 180],
		[58, "R13_2", 774.28, 455, "T", "SMD", "$1N1281", "", "R", 50.49, 136.06, 0, 180],
		[59, "R14_1", 1015.72, 280, "T", "SMD", "$1N2719", "", "R", 50.49, 136.06, 0, 180],
		[60, "R14_2", 774.28, 280, "T", "SMD", "$1N1307", "", "R", 50.49, 136.06, 0, 180],
		[61, "R15_1", 1015.72, 100, "T", "SMD", "$1N2713", "", "R", 50.49, 136.06, 0, 180],
		[62, "R15_2", 774.28, 100, "T", "SMD", "$1N1333", "", "R", 50.49, 136.06, 0, 180],
		[63, "U1_1", 16079.85, 346.93, "B", "SMD", "VCC", "", "R", 118.11, 51.18, 0, 0],
		[64, "U1_2", 16560.16, 346.93, "B", "SMD", "$1N971", "", "R", 118.11, 51.18, 0, 0],
		[65, "U1_3", 16079.85, 280, "B", "SMD", "VCC", "", "R", 118.11, 51.18, 0, 0],
		[66, "U1_4", 16560.16, 280, "B", "SMD", "$1N997", "", "R", 118.11, 51.18, 0, 0],
		[67, "U1_5", 16079.85, 213.08, "B", "SMD", "VCC", "", "R", 118.11, 51.18, 0, 0],
		[68, "U1_6", 16560.16, 213.08, "B", "SMD", "$1N1023", "", "R", 118.11, 51.18, 0, 0],
		[69, "U1_7", 16320, 280, "B", "SMD", "U1_7", "", "C", 236.22, 236.22, 0, 0],
		[70, "U2_1", 12079.85, 346.93, "B", "SMD", "VCC", "", "R", 118.11, 51.18, 0, 0],
		[71, "U2_2", 12560.16, 346.93, "B", "SMD", "$1N1049", "", "R", 118.11, 51.18, 0, 0],
		[72, "U2_3", 12079.85, 280, "B", "SMD", "VCC", "", "R", 118.11, 51.18, 0, 0],
		[73, "U2_4", 12560.16, 280, "B", "SMD", "$1N1075", "", "R", 118.11, 51.18, 0, 0],
		[74, "U2_5", 12079.85, 213.08, "B", "SMD", "VCC", "", "R", 118.11, 51.18, 0, 0],
		[75, "U2_6", 12560.16, 213.08, "B", "SMD", "$1N1101", "", "R", 118.11, 51.18, 0, 0],
		[76, "U2_7", 12320, 280, "B", "SMD", "U2_7", "", "C", 236.22, 236.22, 0, 0],
		[77, "U3_1", 8079.85, 346.93, "B", "SMD", "VCC", "", "R", 118.11, 51.18, 0, 0],
		[78, "U3_2", 8560.16, 346.93, "B", "SMD", "$1N1359", "", "R", 118.11, 51.18, 0, 0],
		[79, "U3_3", 8079.85, 280, "B", "SMD", "VCC", "", "R", 118.11, 51.18, 0, 0],
		[80, "U3_4", 8560.16, 280, "B", "SMD", "$1N1151", "", "R", 118.11, 51.18, 0, 0],
		[81, "U3_5", 8079.85, 213.08, "B", "SMD", "VCC", "", "R", 118.11, 51.18, 0, 0],
		[82, "U3_6", 8560.16, 213.08, "B", "SMD", "$1N1177", "", "R", 118.11, 51.18, 0, 0],
		[83, "U3_7", 8320, 280, "B", "SMD", "U3_7", "", "C", 236.22, 236.22, 0, 0],
		[84, "U4_1", 4079.85, 346.93, "B", "SMD", "VCC", "", "R", 118.11, 51.18, 0, 0],
		[85, "U4_2", 4560.16, 346.93, "B", "SMD", "$1N1203", "", "R", 118.11, 51.18, 0, 0],
		[86, "U4_3", 4079.85, 280, "B", "SMD", "VCC", "", "R", 118.11, 51.18, 0, 0],
		[87, "U4_4", 4560.16, 280, "B", "SMD", "$1N1229", "", "R", 118.11, 51.18, 0, 0],
		[88, "U4_5", 4079.85, 213.08, "B", "SMD", "VCC", "", "R", 118.11, 51.18, 0, 0],
		[89, "U4_6", 4560.16, 213.08, "B", "SMD", "$1N1255", "", "R", 118.11, 51.18, 0, 0],
		[90, "U4_7", 4320, 280, "B", "SMD", "U4_7", "", "C", 236.22, 236.22, 0, 0],
		[91, "U5_1", 79.85, 346.93, "B", "SMD", "VCC", "", "R", 118.11, 51.18, 0, 0],
		[92, "U5_2", 560.16, 346.93, "B", "SMD", "$1N1281", "", "R", 118.11, 51.18, 0, 0],
		[93, "U5_3", 79.85, 280, "B", "SMD", "VCC", "", "R", 118.11, 51.18, 0, 0],
		[94, "U5_4", 560.16, 280, "B", "SMD", "$1N1307", "", "R", 118.11, 51.18, 0, 0],
		[95, "U5_5", 79.85, 213.08, "B", "SMD", "VCC", "", "R", 118.11, 51.18, 0, 0],
		[96, "U5_6", 560.16, 213.08, "B", "SMD", "$1N1333", "", "R", 118.11, 51.18, 0, 0],
		[97, "U5_7", 320, 280, "B", "SMD", "U5_7", "", "C", 236.22, 236.22, 0, 0]
	]
}
}